0,1,2,3,4,5,6,7,8,9,TYPE
5.86E-21,100,3.29E-18,6.97E-21,2.03E-09,1.60E-20,4.51E-21,3.83E-19,3.66E-21,4.35E-21,MLP
2.50E-28,2.50E-28,8.94E-25,9.25E-28,100,1.06E-27,3.09E-28,2.50E-28,2.71E-28,3.18E-28,MLP
5.80E-20,4.24E-20,4.24E-20,4.24E-20,100,1.66E-19,4.66E-20,4.24E-20,4.27E-20,5.51E-20,MLP
1.22E-30,1.22E-30,1.22E-30,1.22E-30,100,1.99E-30,1.29E-30,1.22E-30,1.25E-30,1.45E-30,MLP
2.83E-05,6.43E-06,99.99989319,6.43E-06,6.43E-06,6.43E-06,1.45E-05,6.43E-06,7.28E-06,6.43E-06,MLP
7.81E-05,7.81E-05,99.99911499,7.81E-05,7.81E-05,7.81E-05,0.000226437,7.81E-05,9.54E-05,7.81E-05,MLP
71.87353516,1.827471733,1.827471733,1.827471733,1.827471733,1.827471733,13.00405407,1.827471733,2.330098391,1.827471733,MLP
5.320773602,5.320773602,5.320773602,5.320773602,5.320773602,5.320773602,50.42254257,5.320773602,7.011269569,5.320773602,MLP
0.255216271,0.191715658,94.55862427,0.523214757,0.191715658,3.464818478,0.212160707,0.191715658,0.192260265,0.21856302,MLP
2.47E-05,2.47E-05,99.99402618,0.003496709,2.47E-05,0.002290922,3.42E-05,2.47E-05,2.83E-05,3.68E-05,MLP
0.991415143,0.388669789,0.388669789,0.388669789,0.388669789,95.47544098,0.515356243,0.388669789,0.399100453,0.675330758,MLP
0.00071623,0.00071623,0.00071623,0.00071623,0.00071623,99.98997498,0.002097141,0.00071623,0.001041978,0.002597187,MLP
4.20E-05,1.01E-05,99.99985504,1.01E-05,1.01E-05,1.01E-05,3.43E-05,1.01E-05,1.10E-05,1.01E-05,MLP
1.96E-16,1.96E-16,100,1.96E-16,1.96E-16,1.96E-16,5.89E-15,1.96E-16,2.96E-16,1.96E-16,MLP
93.49803162,0.012829805,0.012829805,0.012829805,0.012829805,0.012829805,6.391231537,0.012829805,0.020933049,0.012829805,MLP
2.82E-11,2.82E-11,2.82E-11,2.82E-11,2.82E-11,2.82E-11,100,2.82E-11,1.60E-10,2.82E-11,MLP
7.96E-29,100,6.49E-29,1.37E-28,1.80E-24,1.19E-28,8.18E-29,2.38E-27,6.53E-29,7.08E-29,MLP
4.79E-20,4.79E-20,4.79E-20,1.04E-18,100,1.07E-19,6.55E-20,4.79E-20,5.08E-20,5.72E-20,MLP
1.48E-28,7.50E-29,7.50E-29,7.50E-29,100,2.96E-28,1.22E-28,7.50E-29,8.13E-29,1.10E-28,MLP
3.01E-29,3.01E-29,3.01E-29,3.01E-29,100,3.88E-29,3.36E-29,3.01E-29,3.09E-29,3.27E-29,MLP
14.8907547,5.780648708,5.780648708,5.780648708,5.780648708,5.780648708,38.45357132,5.780648708,6.191136837,5.780648708,MLP
0.30489108,0.30489108,0.30489108,0.30489108,0.30489108,0.30489108,97.14234161,0.30489108,0.418543547,0.30489108,MLP
2.280390501,0.043194059,0.043194059,0.043194059,0.043194059,0.043194059,97.36123657,0.043194059,0.056016453,0.043194059,MLP
0.002619285,0.002619285,0.002619285,0.002619285,0.002619285,0.002619285,99.97492218,0.002619285,0.004113466,0.002619285,MLP
3.422478914,2.454768181,2.454768181,62.39866638,2.454768181,15.43979645,3.615922928,2.454768181,2.502996206,2.801068783,MLP
9.80E-11,9.80E-11,9.80E-11,100,9.80E-11,8.89E-09,2.88E-10,9.80E-11,1.22E-10,1.52E-10,MLP
0.00055321,4.02E-05,4.02E-05,4.02E-05,4.02E-05,99.998703,0.000350259,4.02E-05,5.17E-05,0.000137949,MLP
6.58E-06,6.58E-06,6.58E-06,6.58E-06,6.58E-06,99.99987793,4.01E-05,6.58E-06,9.70E-06,2.54E-05,MLP
0.934278846,0.068452135,0.068452135,0.068452135,0.068452135,0.068452135,98.50022125,0.068452135,0.086323731,0.068452135,MLP
8.35E-14,8.35E-14,8.35E-14,8.35E-14,8.35E-14,8.35E-14,100,8.35E-14,3.37E-13,8.35E-14,MLP
9.17E-09,3.11E-14,3.11E-14,3.11E-14,3.11E-14,3.11E-14,100,3.11E-14,6.15E-14,3.11E-14,MLP
1.45E-33,1.45E-33,1.45E-33,1.45E-33,1.45E-33,1.45E-33,100,1.45E-33,7.67E-33,1.45E-33,MLP
4.04E-32,100,4.78E-30,3.69E-32,2.44E-32,2.44E-32,2.44E-32,1.05E-30,2.57E-32,3.22E-32,MLP
0.000454786,0.000454786,99.99230957,0.003458467,0.000454786,0.000454786,0.000454786,0.000454786,0.000541615,0.000964313,MLP
19.58716583,6.903810978,6.903810978,6.903810978,6.903810978,6.903810978,6.903810978,6.903810978,7.329009533,24.75714493,MLP
4.617993355,4.617993355,4.617993355,4.617993355,4.617993355,4.617993355,4.617993355,4.617993355,5.556237221,57.49981308,MLP
2.63E-05,3.83E-06,99.99995422,3.83E-06,3.83E-06,3.83E-06,3.83E-06,3.83E-06,4.67E-06,3.83E-06,MLP
1.23E-15,1.23E-15,100,1.23E-15,1.23E-15,1.23E-15,1.23E-15,1.23E-15,2.51E-15,1.23E-15,MLP
99.87139893,0.012987282,0.012987282,0.012987282,0.012987282,0.012987282,0.012987282,0.012987282,0.024705749,0.012987282,MLP
3.247664213,3.247664213,3.247664213,3.247664213,3.247664213,3.247664213,3.247664213,3.247664213,70.77102661,3.247664213,MLP
0.008429053,0.003349276,99.95087433,0.014275484,0.003349276,0.003349276,0.003349276,0.003349276,0.003661918,0.006014678,MLP
1.42E-06,1.42E-06,99.99854279,0.001452169,1.42E-06,1.42E-06,1.42E-06,1.42E-06,1.96E-06,4.99E-06,MLP
34.76246643,1.498805761,1.498805761,1.498805761,1.498805761,1.498805761,1.498805761,1.498805761,1.821065187,52.92483139,MLP
3.76E-05,3.76E-05,3.76E-05,3.76E-05,3.76E-05,3.76E-05,3.76E-05,3.76E-05,0.000112085,99.99958038,MLP
9.01E-11,2.68E-12,100,2.68E-12,2.68E-12,2.68E-12,2.68E-12,2.68E-12,3.73E-12,2.68E-12,MLP
1.59E-16,1.59E-16,100,1.59E-16,1.59E-16,1.59E-16,1.59E-16,1.59E-16,3.16E-16,1.59E-16,MLP
100,1.53E-08,1.53E-08,1.53E-08,1.53E-08,1.53E-08,1.53E-08,1.53E-08,5.54E-08,1.53E-08,MLP
0.001307985,0.001307985,0.001307985,0.001307985,0.001307985,0.001307985,0.001307985,0.001307985,99.98822021,0.001307985,MLP
1.35E-27,100,1.27E-27,1.48E-27,1.27E-27,1.27E-27,1.27E-27,3.15E-27,1.28E-27,1.34E-27,MLP
2.252878428,2.252878428,2.252878428,78.50138855,2.252878428,2.252878428,2.252878428,2.252878428,2.525123119,3.203337669,MLP
21.3575325,6.418131351,6.418131351,6.418131351,6.418131351,6.418131351,6.418131351,6.418131351,7.149334908,26.56620789,MLP
1.516138792,1.516138792,1.516138792,1.516138792,1.516138792,1.516138792,1.516138792,1.516138792,2.347648382,85.52323914,MLP
17.64884567,9.081361771,9.081361771,9.081361771,9.081361771,9.081361771,9.081361771,9.081361771,9.700250626,9.081361771,MLP
8.170835495,8.170835495,8.170835495,8.170835495,8.170835495,8.170835495,8.170835495,8.170835495,26.46247673,8.170835495,MLP
99.98968506,0.00099682,0.00099682,0.00099682,0.00099682,0.00099682,0.00099682,0.00099682,0.002330027,0.00099682,MLP
3.52E-06,3.52E-06,3.52E-06,3.52E-06,3.52E-06,3.52E-06,3.52E-06,3.52E-06,99.99997711,3.52E-06,MLP
7.844550133,5.808850288,5.808850288,43.83398819,5.808850288,5.808850288,5.808850288,5.808850288,6.073910713,7.394451141,MLP
4.70E-18,4.70E-18,4.70E-18,100,4.70E-18,4.70E-18,4.70E-18,4.70E-18,6.29E-18,1.21E-17,MLP
19.72343636,0.071049333,0.071049333,0.071049333,0.071049333,0.071049333,0.071049333,0.071049333,0.099970043,79.679245,MLP
4.96E-17,4.96E-17,4.96E-17,4.96E-17,4.96E-17,4.96E-17,4.96E-17,4.96E-17,6.06E-16,100,MLP
92.41635132,0.791747093,0.791747093,0.791747093,0.791747093,0.791747093,0.791747093,0.791747093,1.249665856,0.791747093,MLP
0.01465828,0.01465828,0.01465828,0.01465828,0.01465828,0.01465828,0.01465828,0.01465828,99.86808014,0.01465828,MLP
100,2.34E-19,2.34E-19,2.34E-19,2.34E-19,2.34E-19,2.34E-19,2.34E-19,1.70E-18,2.34E-19,MLP
3.37E-29,3.37E-29,3.37E-29,3.37E-29,3.37E-29,3.37E-29,3.37E-29,3.37E-29,100,3.37E-29,MLP
8.73E-18,6.26E-18,1.49E-15,1.04E-17,6.26E-18,1.17E-16,6.58E-18,100,6.26E-18,6.92E-18,MLP
1.56E-05,1.56E-05,99.99645996,0.000292244,1.56E-05,0.003115328,1.90E-05,1.56E-05,1.69E-05,2.27E-05,MLP
0.449947506,0.163137302,0.163137302,0.163137302,0.163137302,98.10752106,0.191803649,0.163137302,0.165526524,0.26951921,MLP
0.000434358,0.000434358,0.000434358,0.000434358,0.000434358,99.99443054,0.000765671,0.000434358,0.000511299,0.001682733,MLP
2.02E-05,2.98E-06,99.99996185,2.98E-06,2.98E-06,2.98E-06,6.83E-06,2.98E-06,3.13E-06,2.98E-06,MLP
9.94E-15,9.94E-15,100,9.94E-15,9.94E-15,9.94E-15,6.45E-14,9.94E-15,1.26E-14,9.94E-15,MLP
99.52990723,0.003740571,0.003740571,0.003740571,0.003740571,0.003740571,0.438779175,0.003740571,0.005122114,0.003740571,MLP
7.87E-07,7.87E-07,7.87E-07,7.87E-07,7.87E-07,7.87E-07,100,7.87E-07,2.22E-06,7.87E-07,MLP
0.000933386,0.000402612,89.41583252,0.00339377,0.000402612,10.57728195,0.000457824,0.000402612,0.000407613,0.000493645,MLP
7.02E-09,7.02E-09,99.95690155,7.75E-05,7.02E-09,0.043017685,1.09E-08,7.02E-09,8.22E-09,1.17E-08,MLP
1.59E-15,7.10E-17,7.10E-17,7.10E-17,7.10E-17,100,1.49E-16,7.10E-17,7.92E-17,2.11E-16,MLP
4.03E-28,4.03E-28,4.03E-28,4.03E-28,4.03E-28,100,1.60E-27,4.03E-28,5.32E-28,2.73E-27,MLP
1.46E-17,2.31E-19,100,2.31E-19,2.31E-19,2.31E-19,1.73E-18,2.31E-19,2.74E-19,2.31E-19,MLP
1.11E-25,1.11E-25,100,1.11E-25,1.11E-25,1.11E-25,2.91E-24,1.11E-25,1.42E-25,1.11E-25,MLP
99.94238281,9.74E-09,9.74E-09,9.74E-09,9.74E-09,9.74E-09,0.057612337,9.74E-09,1.85E-08,9.74E-09,MLP
6.17E-19,6.17E-19,6.17E-19,6.17E-19,6.17E-19,6.17E-19,100,6.17E-19,4.53E-18,6.17E-19,MLP
3.23E-29,2.69E-29,2.69E-29,6.04E-29,2.69E-29,8.88E-29,3.03E-29,100,2.70E-29,2.82E-29,MLP
5.19E-05,5.19E-05,5.19E-05,99.99028778,5.19E-05,0.009218513,0.000111303,5.19E-05,5.96E-05,7.00E-05,MLP
0.003343801,0.000234186,0.000234186,0.000234186,0.000234186,99.99383545,0.000938756,0.000234186,0.000254643,0.000466557,MLP
1.26E-06,1.26E-06,1.26E-06,1.26E-06,1.26E-06,99.99998474,9.97E-06,1.26E-06,1.65E-06,4.63E-06,MLP
24.42747879,2.953099728,2.953099728,2.953099728,2.953099728,2.953099728,51.747715,2.953099728,3.153101683,2.953099728,MLP
1.92E-08,1.92E-08,1.92E-08,1.92E-08,1.92E-08,1.92E-08,100,1.92E-08,5.28E-08,1.92E-08,MLP
0.810711265,5.89E-08,5.89E-08,5.89E-08,5.89E-08,5.89E-08,99.18929291,5.89E-08,7.90E-08,5.89E-08,MLP
6.71E-27,6.71E-27,6.71E-27,6.71E-27,6.71E-27,6.71E-27,100,6.71E-27,2.03E-26,6.71E-27,MLP
5.73E-06,1.40E-06,1.40E-06,95.78279114,1.40E-06,4.217193127,4.21E-06,1.40E-06,1.48E-06,1.81E-06,MLP
1.26E-20,1.26E-20,1.26E-20,100,1.26E-20,5.37E-14,2.84E-20,1.26E-20,1.47E-20,1.70E-20,MLP
1.25E-22,8.60E-24,8.60E-24,8.60E-24,8.60E-24,100,3.98E-23,8.60E-24,9.20E-24,1.72E-23,MLP
1.12E-24,1.12E-24,1.12E-24,1.12E-24,1.12E-24,100,1.72E-24,1.12E-24,1.20E-24,1.84E-24,MLP
0.001289132,2.08E-10,2.08E-10,2.08E-10,2.08E-10,2.08E-10,99.99871063,2.08E-10,3.26E-10,2.08E-10,MLP
1.50E-23,1.50E-23,1.50E-23,1.50E-23,1.50E-23,1.50E-23,100,1.50E-23,7.04E-23,1.50E-23,MLP
6.21E-09,2.32E-19,2.32E-19,2.32E-19,2.32E-19,2.32E-19,100,2.32E-19,3.24E-19,2.32E-19,MLP
1.02E-36,1.02E-36,1.02E-36,1.02E-36,1.02E-36,1.02E-36,100,1.02E-36,1.85E-36,1.02E-36,MLP
6.15E-29,3.06E-29,5.84E-26,4.88E-29,3.06E-29,3.06E-29,3.06E-29,100,3.12E-29,3.93E-29,MLP
6.31E-09,6.31E-09,100,2.61E-07,6.31E-09,6.31E-09,6.31E-09,6.31E-09,7.48E-09,1.72E-08,MLP
52.61108398,2.868337393,2.868337393,2.868337393,2.868337393,2.868337393,2.868337393,2.868337393,3.101667881,24.2088871,MLP
7.28E-05,7.28E-05,7.28E-05,7.28E-05,7.28E-05,7.28E-05,7.28E-05,7.28E-05,0.000130143,99.99928284,MLP
3.81E-08,1.14E-09,100,1.14E-09,1.14E-09,1.14E-09,1.14E-09,1.14E-09,1.31E-09,1.14E-09,MLP
1.77E-15,1.77E-15,100,1.77E-15,1.77E-15,1.77E-15,1.77E-15,1.77E-15,2.66E-15,1.77E-15,MLP
100,1.41E-08,1.41E-08,1.41E-08,1.41E-08,1.41E-08,1.41E-08,1.41E-08,2.75E-08,1.41E-08,MLP
0.12803629,0.12803629,0.12803629,0.12803629,0.12803629,0.12803629,0.12803629,0.12803629,98.84767151,0.12803629,MLP
7.21E-14,5.10E-16,100,9.19E-14,5.10E-16,5.10E-16,5.10E-16,5.10E-16,5.88E-16,1.81E-15,MLP
2.48E-13,2.48E-13,100,1.66E-08,2.48E-13,2.48E-13,2.48E-13,2.48E-13,3.03E-13,1.21E-12,MLP
99.32247925,1.90E-05,1.90E-05,1.90E-05,1.90E-05,1.90E-05,1.90E-05,1.90E-05,2.64E-05,0.677366972,MLP
3.32E-16,3.32E-16,3.32E-16,3.32E-16,3.32E-16,3.32E-16,3.32E-16,3.32E-16,9.43E-16,100,MLP
1.39E-28,1.81E-32,100,1.81E-32,1.81E-32,1.81E-32,1.81E-32,1.81E-32,2.32E-32,1.81E-32,MLP
2.21E-25,2.21E-25,100,2.21E-25,2.21E-25,2.21E-25,2.21E-25,2.21E-25,2.81E-25,2.21E-25,MLP
100,1.40E-22,1.40E-22,1.40E-22,1.40E-22,1.40E-22,1.40E-22,1.40E-22,4.02E-22,1.40E-22,MLP
0.000332863,0.000332863,0.000332863,0.000332863,0.000332863,0.000332863,0.000332863,0.000332863,99.99700928,0.000332863,MLP
2.49E-29,2.27E-29,2.27E-29,2.93E-29,2.27E-29,2.27E-29,2.27E-29,100,2.28E-29,2.33E-29,MLP
6.28E-08,6.28E-08,6.28E-08,100,6.28E-08,6.28E-08,6.28E-08,6.28E-08,8.82E-08,1.17E-07,MLP
80.68053436,1.019644499,1.019644499,1.019644499,1.019644499,1.019644499,1.019644499,1.019644499,1.188162684,10.99378777,MLP
9.02E-16,9.02E-16,9.02E-16,9.02E-16,9.02E-16,9.02E-16,9.02E-16,9.02E-16,8.63E-15,100,MLP
51.93349075,5.275416374,5.275416374,5.275416374,5.275416374,5.275416374,5.275416374,5.275416374,5.863173008,5.275416374,MLP
0.031185972,0.031185972,0.031185972,0.031185972,0.031185972,0.031185972,0.031185972,0.031185972,99.71933746,0.031185972,MLP
100,9.00E-21,9.00E-21,9.00E-21,9.00E-21,9.00E-21,9.00E-21,9.00E-21,2.73E-20,9.00E-21,MLP
3.63E-27,3.63E-27,3.63E-27,3.63E-27,3.63E-27,3.63E-27,3.63E-27,3.63E-27,100,3.63E-27,MLP
2.63E-11,1.31E-13,1.31E-13,100,1.31E-13,1.31E-13,1.31E-13,1.31E-13,1.58E-13,3.55E-13,MLP
1.38E-31,1.38E-31,1.38E-31,100,1.38E-31,1.38E-31,1.38E-31,1.38E-31,1.53E-31,1.96E-31,MLP
99.89489746,1.71E-12,1.71E-12,1.71E-12,1.71E-12,1.71E-12,1.71E-12,1.71E-12,2.54E-12,0.105099939,MLP
1.55E-32,1.55E-32,1.55E-32,1.55E-32,1.55E-32,1.55E-32,1.55E-32,1.55E-32,2.32E-32,100,MLP
100,2.03E-22,2.03E-22,2.03E-22,2.03E-22,2.03E-22,2.03E-22,2.03E-22,6.55E-22,2.03E-22,MLP
1.39E-06,1.39E-06,1.39E-06,1.39E-06,1.39E-06,1.39E-06,1.39E-06,1.39E-06,99.99998474,1.39E-06,MLP
100,8.01E-32,8.01E-32,8.01E-32,8.01E-32,8.01E-32,8.01E-32,8.01E-32,1.28E-31,8.01E-32,MLP
5.81E-37,5.81E-37,5.81E-37,5.81E-37,5.81E-37,5.81E-37,5.81E-37,5.81E-37,100,5.81E-37,MLP
6.25E-05,3.90E-11,6.25E-05,3.90E-11,6.25E-05,6.25E-05,6.25E-05,3.90E-11,3.90E-11,99.99968756,RF
2.44E-17,2.44E-17,100,3.90E-11,3.90E-11,3.90E-11,2.44E-17,2.44E-17,2.44E-17,2.44E-17,RF
6.33E-11,3.90E-11,3.90E-11,3.90E-11,6.25E-05,9.94E-11,3.90E-11,3.90E-11,3.90E-11,99.99993751,RF
3.90E-11,3.90E-11,3.90E-11,3.90E-11,99.99993751,6.25E-05,3.90E-11,3.90E-11,3.90E-11,3.90E-11,RF
33.33328473,2.08E-05,33.33328473,2.08E-05,2.08E-05,2.08E-05,33.33328473,2.08E-05,2.08E-05,2.08E-05,RF
3.920609671,3.920609671,64.71451296,3.920609671,3.920609671,3.920609671,3.920609671,3.920609671,3.920609671,3.920609671,RF
99.99943762,6.25E-05,6.25E-05,6.25E-05,6.25E-05,6.25E-05,6.25E-05,6.25E-05,6.25E-05,6.25E-05,RF
10,10,10,10,10,10,10,10,10,10,RF
6.25E-05,3.90E-11,6.25E-05,3.90E-11,3.90E-11,99.99981254,6.25E-05,3.90E-11,3.90E-11,3.90E-11,RF
2.44E-17,2.44E-17,100,3.90E-11,2.44E-17,3.90E-11,3.90E-11,2.44E-17,2.44E-17,2.44E-17,RF
3.38E-05,2.08E-05,2.08E-05,2.08E-05,2.08E-05,33.33328042,33.33328042,2.08E-05,2.08E-05,33.33328042,RF
3.12E-05,3.12E-05,3.12E-05,3.12E-05,3.12E-05,49.99987503,3.12E-05,3.12E-05,3.12E-05,49.99987503,RF
49.99985087,3.12E-05,49.99985087,3.12E-05,3.12E-05,3.12E-05,7.96E-05,3.12E-05,3.12E-05,3.12E-05,RF
2.44E-17,2.44E-17,100,2.44E-17,2.44E-17,2.44E-17,3.90E-11,2.44E-17,2.44E-17,2.44E-17,RF
49.99987503,3.12E-05,3.12E-05,3.12E-05,3.12E-05,3.12E-05,49.99987503,3.12E-05,3.12E-05,3.12E-05,RF
10,10,10,10,10,10,10,10,10,10,RF
49.99998438,1.27E-10,1.95E-11,1.95E-11,1.95E-11,1.95E-11,49.99998438,1.95E-11,1.95E-11,3.12E-05,RF
2.44E-17,2.44E-17,2.44E-17,99.99987503,6.25E-05,6.25E-05,2.44E-17,2.44E-17,2.44E-17,2.44E-17,RF
99.99993751,2.44E-17,2.44E-17,2.44E-17,6.25E-05,2.44E-17,2.44E-17,2.44E-17,3.90E-11,3.90E-11,RF
3.72E-42,3.72E-42,3.72E-42,3.72E-42,100,3.72E-42,3.72E-42,3.72E-42,3.72E-42,3.72E-42,RF
6.25E-05,6.25E-05,6.25E-05,6.25E-05,6.25E-05,6.25E-05,99.99943762,6.25E-05,6.25E-05,6.25E-05,RF
3.90E-11,3.90E-11,3.90E-11,3.90E-11,3.90E-11,3.90E-11,3.90E-11,3.90E-11,100,3.90E-11,RF
10,10,10,10,10,10,10,10,10,10,RF
3.90E-11,3.90E-11,3.90E-11,3.90E-11,3.90E-11,3.90E-11,9.94E-11,3.90E-11,100,3.90E-11,RF
2.53E-10,3.90E-11,3.90E-11,3.90E-11,3.90E-11,6.25E-05,3.90E-11,3.90E-11,3.90E-11,99.99993751,RF
2.44E-17,2.44E-17,2.44E-17,100,2.44E-17,2.44E-17,2.44E-17,2.44E-17,2.44E-17,2.44E-17,RF
24.99997053,1.56E-05,1.56E-05,1.56E-05,1.56E-05,24.99997053,24.99997053,1.56E-05,3.98E-05,24.99997053,RF
1.95E-11,1.95E-11,1.95E-11,1.95E-11,1.95E-11,50,1.95E-11,1.95E-11,1.95E-11,50,RF
3.12E-05,3.12E-05,3.12E-05,3.12E-05,3.12E-05,3.12E-05,49.99987503,3.12E-05,49.99987503,3.12E-05,RF
3.90E-11,3.90E-11,3.90E-11,3.90E-11,3.90E-11,3.90E-11,6.25E-05,3.90E-11,99.99993751,3.90E-11,RF
99.99943762,6.25E-05,6.25E-05,6.25E-05,6.25E-05,6.25E-05,6.25E-05,6.25E-05,6.25E-05,6.25E-05,RF
3.90E-11,3.90E-11,3.90E-11,3.90E-11,3.90E-11,3.90E-11,6.25E-05,3.90E-11,99.99993751,3.90E-11,RF
6.25E-05,6.25E-05,6.25E-05,6.25E-05,3.90E-11,3.90E-11,3.90E-11,3.90E-11,3.90E-11,99.99975005,RF
1.95E-11,1.95E-11,50,50,1.95E-11,1.95E-11,1.95E-11,1.95E-11,1.95E-11,5.13E-11,RF
49.99987503,3.12E-05,3.12E-05,3.12E-05,3.12E-05,3.12E-05,3.12E-05,3.12E-05,3.12E-05,49.99987503,RF
10,10,10,10,10,10,10,10,10,10,RF
99.99993751,3.90E-11,6.25E-05,3.90E-11,3.90E-11,3.90E-11,3.90E-11,3.90E-11,3.90E-11,3.90E-11,RF
6.25E-05,6.25E-05,99.99943762,6.25E-05,6.25E-05,6.25E-05,6.25E-05,6.25E-05,6.25E-05,6.25E-05,RF
100,3.90E-11,3.90E-11,3.90E-11,3.90E-11,3.90E-11,3.90E-11,3.90E-11,3.90E-11,3.90E-11,RF
10,10,10,10,10,10,10,10,10,10,RF
33.333274,2.08E-05,5.30E-05,33.333274,2.08E-05,2.08E-05,2.08E-05,2.08E-05,2.08E-05,33.333274,RF
3.90E-11,3.90E-11,6.45E-10,100,3.90E-11,3.90E-11,3.90E-11,3.90E-11,3.90E-11,6.33E-11,RF
49.99987503,3.12E-05,3.12E-05,3.12E-05,3.12E-05,3.12E-05,3.12E-05,3.12E-05,3.12E-05,49.99987503,RF
10,10,10,10,10,10,10,10,10,10,RF
50,1.95E-11,50,1.95E-11,1.95E-11,1.95E-11,1.95E-11,1.95E-11,1.95E-11,1.95E-11,RF
1.52E-23,1.52E-23,100,1.52E-23,1.52E-23,1.52E-23,1.52E-23,1.52E-23,1.52E-23,1.52E-23,RF
100,3.90E-11,3.90E-11,3.90E-11,3.90E-11,3.90E-11,3.90E-11,3.90E-11,3.90E-11,3.90E-11,RF
10,10,10,10,10,10,10,10,10,10,RF
0.353354385,96.27347433,0.353354385,0.89969059,0.353354385,0.353354385,0.353354385,0.353354385,0.353354385,0.353354385,RF
2.44E-17,2.44E-17,2.44E-17,2.44E-17,2.44E-17,2.44E-17,2.44E-17,2.44E-17,100,2.44E-17,RF
9.94E-11,3.90E-11,3.90E-11,3.90E-11,3.90E-11,3.90E-11,3.90E-11,3.90E-11,3.90E-11,100,RF
3.90E-11,3.90E-11,3.90E-11,3.90E-11,3.90E-11,3.90E-11,3.90E-11,3.90E-11,99.99993751,6.25E-05,RF
100,3.90E-11,3.90E-11,3.90E-11,3.90E-11,3.90E-11,3.90E-11,3.90E-11,3.90E-11,3.90E-11,RF
3.90E-11,3.90E-11,3.90E-11,3.90E-11,3.90E-11,3.90E-11,3.90E-11,3.90E-11,100,3.90E-11,RF
99.99943762,6.25E-05,6.25E-05,6.25E-05,6.25E-05,6.25E-05,6.25E-05,6.25E-05,6.25E-05,6.25E-05,RF
2.44E-17,2.44E-17,2.44E-17,2.44E-17,2.44E-17,2.44E-17,2.44E-17,2.44E-17,100,2.44E-17,RF
6.25E-05,3.90E-11,3.90E-11,99.99987502,3.90E-11,3.90E-11,3.90E-11,3.90E-11,6.25E-05,3.90E-11,RF
3.920609671,3.920609671,3.920609671,3.920609671,3.920609671,3.920609671,3.920609671,3.920609671,64.71451296,3.920609671,RF
6.25E-05,3.90E-11,3.90E-11,3.90E-11,3.90E-11,3.90E-11,3.90E-11,3.90E-11,3.90E-11,99.99993751,RF
6.25E-05,6.25E-05,6.25E-05,6.25E-05,6.25E-05,6.25E-05,6.25E-05,6.25E-05,99.99846869,0.001031418,RF
100,3.90E-11,3.90E-11,3.90E-11,3.90E-11,3.90E-11,3.90E-11,3.90E-11,3.90E-11,3.90E-11,RF
3.90E-11,3.90E-11,3.90E-11,3.90E-11,3.90E-11,3.90E-11,3.90E-11,3.90E-11,100,3.90E-11,RF
100,2.44E-17,2.44E-17,2.44E-17,2.44E-17,2.44E-17,2.44E-17,2.44E-17,2.44E-17,2.44E-17,RF
3.90E-11,3.90E-11,3.90E-11,3.90E-11,3.90E-11,3.90E-11,3.90E-11,3.90E-11,100,3.90E-11,RF
9.94E-11,3.90E-11,3.90E-11,6.25E-05,3.90E-11,99.99981254,6.25E-05,6.25E-05,3.90E-11,3.90E-11,RF
3.90E-11,3.90E-11,6.25E-05,6.25E-05,3.90E-11,99.99981254,6.25E-05,3.90E-11,3.90E-11,3.90E-11,RF
3.90E-11,3.90E-11,3.90E-11,3.90E-11,3.90E-11,6.25E-05,6.25E-05,3.90E-11,3.90E-11,99.99987502,RF
3.12E-05,3.12E-05,3.12E-05,3.12E-05,3.12E-05,49.99987503,49.99987503,3.12E-05,3.12E-05,3.12E-05,RF
99.99993751,3.90E-11,6.25E-05,3.90E-11,3.90E-11,3.90E-11,3.90E-11,3.90E-11,3.90E-11,3.90E-11,RF
3.90E-11,3.90E-11,99.99993751,3.90E-11,3.90E-11,3.90E-11,6.25E-05,3.90E-11,3.90E-11,3.90E-11,RF
6.25E-05,6.25E-05,6.25E-05,6.25E-05,6.25E-05,6.25E-05,99.99941356,6.25E-05,8.65E-05,6.25E-05,RF
6.25E-05,6.25E-05,6.25E-05,6.25E-05,6.25E-05,6.25E-05,99.99943762,6.25E-05,6.25E-05,6.25E-05,RF
3.12E-05,1.95E-11,1.95E-11,3.12E-05,1.95E-11,49.99996876,49.99996876,1.95E-11,1.95E-11,1.95E-11,RF
1.30E-11,1.30E-11,33.33333333,3.31E-11,1.30E-11,33.33333333,33.33333333,1.30E-11,1.30E-11,1.30E-11,RF
6.33E-11,3.90E-11,3.90E-11,3.90E-11,3.90E-11,6.25E-05,99.99987502,3.90E-11,3.90E-11,6.25E-05,RF
6.25E-05,6.25E-05,6.25E-05,6.25E-05,6.25E-05,99.99933589,0.00016421,6.25E-05,6.25E-05,6.25E-05,RF
100,2.44E-17,3.90E-11,2.44E-17,2.44E-17,2.44E-17,2.44E-17,2.44E-17,2.44E-17,2.44E-17,RF
2.44E-17,2.44E-17,100,2.44E-17,2.44E-17,2.44E-17,3.90E-11,2.44E-17,2.44E-17,2.44E-17,RF
9.94E-11,3.90E-11,3.90E-11,3.90E-11,3.90E-11,3.90E-11,100,3.90E-11,3.90E-11,3.90E-11,RF
3.90E-11,3.90E-11,3.90E-11,3.90E-11,3.90E-11,3.90E-11,100,3.90E-11,3.90E-11,3.90E-11,RF
1.30E-11,1.30E-11,1.30E-11,1.30E-11,1.30E-11,3.31E-11,1.30E-11,33.33333333,33.33333333,33.33333333,RF
1.95E-11,1.95E-11,1.95E-11,49.99998438,1.95E-11,3.12E-05,1.95E-11,1.95E-11,49.99998438,1.95E-11,RF
3.12E-05,3.12E-05,3.12E-05,3.12E-05,3.12E-05,49.99987503,3.12E-05,3.12E-05,3.12E-05,49.99987503,RF
2.08E-05,2.08E-05,2.08E-05,2.08E-05,2.08E-05,33.33328473,2.08E-05,2.08E-05,33.33328473,33.33328473,RF
6.25E-05,6.25E-05,6.25E-05,6.25E-05,6.25E-05,6.25E-05,6.25E-05,6.25E-05,99.99943762,6.25E-05,RF
3.12E-05,3.12E-05,3.12E-05,3.12E-05,3.12E-05,3.12E-05,49.99987503,3.12E-05,49.99987503,3.12E-05,RF
10,10,10,10,10,10,10,10,10,10,RF
1.95E-11,1.95E-11,1.95E-11,1.95E-11,1.95E-11,1.95E-11,50,1.95E-11,50,1.95E-11,RF
9.94E-11,3.90E-11,3.90E-11,2.53E-10,3.90E-11,100,3.90E-11,3.90E-11,3.90E-11,3.90E-11,RF
9.53E-30,9.53E-30,9.53E-30,100,9.53E-30,9.53E-30,9.53E-30,9.53E-30,9.53E-30,9.53E-30,RF
6.25E-05,3.90E-11,3.90E-11,3.90E-11,3.90E-11,99.99981254,6.25E-05,3.90E-11,3.90E-11,6.25E-05,RF
0.355295493,0.355295493,0.355295493,0.355295493,0.355295493,96.80234057,0.355295493,0.355295493,0.355295493,0.355295493,RF
6.25E-05,6.25E-05,6.25E-05,6.25E-05,6.25E-05,6.25E-05,99.99943762,6.25E-05,6.25E-05,6.25E-05,RF
3.12E-05,3.12E-05,3.12E-05,3.12E-05,3.12E-05,3.12E-05,49.99987503,3.12E-05,49.99987503,3.12E-05,RF
41.87113427,6.458762859,6.458762859,6.458762859,6.458762859,6.458762859,6.458762859,6.458762859,6.458762859,6.458762859,RF
3.72E-42,3.72E-42,3.72E-42,3.72E-42,3.72E-42,3.72E-42,100,3.72E-42,3.72E-42,3.72E-42,RF
6.25E-05,3.90E-11,3.90E-11,6.25E-05,3.90E-11,3.90E-11,3.90E-11,99.99987502,3.90E-11,9.94E-11,RF
3.90E-11,3.90E-11,2.53E-10,100,3.90E-11,3.90E-11,3.90E-11,3.90E-11,3.90E-11,3.90E-11,RF
6.25E-05,6.25E-05,6.25E-05,6.25E-05,6.25E-05,6.25E-05,6.25E-05,6.25E-05,6.25E-05,99.99943762,RF
10,10,10,10,10,10,10,10,10,10,RF
0.000202547,3.12E-05,49.99978937,3.12E-05,3.12E-05,3.12E-05,3.12E-05,3.12E-05,49.99978937,3.12E-05,RF
2.44E-17,2.44E-17,100,2.44E-17,2.44E-17,2.44E-17,2.44E-17,2.44E-17,6.21E-17,2.44E-17,RF
22.05188825,8.660901305,8.660901305,8.660901305,8.660901305,8.660901305,8.660901305,8.660901305,8.660901305,8.660901305,RF
10,10,10,10,10,10,10,10,10,10,RF
99.99993751,3.90E-11,3.90E-11,6.25E-05,3.90E-11,3.90E-11,3.90E-11,3.90E-11,3.90E-11,3.90E-11,RF
3.685395034,3.685395034,60.83200438,9.684835343,3.685395034,3.685395034,3.685395034,3.685395034,3.685395034,3.685395034,RF
6.25E-05,3.90E-11,3.90E-11,3.90E-11,3.90E-11,3.90E-11,3.90E-11,3.90E-11,3.90E-11,99.99993751,RF
10,10,10,10,10,10,10,10,10,10,RF
100,1.52E-23,2.44E-17,1.52E-23,1.52E-23,1.52E-23,1.52E-23,1.52E-23,1.52E-23,1.52E-23,RF
9.53E-30,9.53E-30,100,9.53E-30,9.53E-30,9.53E-30,9.53E-30,9.53E-30,9.53E-30,9.53E-30,RF
99.99943762,6.25E-05,6.25E-05,6.25E-05,6.25E-05,6.25E-05,6.25E-05,6.25E-05,6.25E-05,6.25E-05,RF
10,10,10,10,10,10,10,10,10,10,RF
3.72E-42,3.72E-42,3.72E-42,3.72E-42,3.72E-42,3.72E-42,3.72E-42,100,3.72E-42,3.72E-42,RF
2.44E-17,2.44E-17,2.44E-17,2.44E-17,2.44E-17,2.44E-17,2.44E-17,2.44E-17,100,2.44E-17,RF
3.90E-11,3.90E-11,3.90E-11,3.90E-11,3.90E-11,3.90E-11,3.90E-11,3.90E-11,3.90E-11,100,RF
6.25E-05,6.25E-05,6.25E-05,6.25E-05,6.25E-05,6.25E-05,6.25E-05,6.25E-05,99.99909501,0.000405093,RF
0.000159101,6.25E-05,6.25E-05,6.25E-05,6.25E-05,6.25E-05,6.25E-05,6.25E-05,99.999341,6.25E-05,RF
2.44E-17,2.44E-17,2.44E-17,2.44E-17,2.44E-17,2.44E-17,2.44E-17,2.44E-17,100,2.44E-17,RF
99.99993751,3.90E-11,3.90E-11,3.90E-11,3.90E-11,3.90E-11,3.90E-11,3.90E-11,6.25E-05,3.90E-11,RF
3.90E-11,3.90E-11,3.90E-11,3.90E-11,3.90E-11,3.90E-11,3.90E-11,3.90E-11,100,3.90E-11,RF
0.001031418,6.25E-05,6.25E-05,99.99846869,6.25E-05,6.25E-05,6.25E-05,6.25E-05,6.25E-05,6.25E-05,RF
3.72E-42,3.72E-42,3.72E-42,100,3.72E-42,3.72E-42,3.72E-42,3.72E-42,3.72E-42,3.72E-42,RF
9.94E-11,3.90E-11,3.90E-11,3.90E-11,3.90E-11,3.90E-11,3.90E-11,3.90E-11,3.90E-11,100,RF
2.60287522,2.60287522,2.60287522,2.60287522,2.60287522,2.60287522,2.60287522,2.60287522,2.60287522,76.57412302,RF
22.05188825,8.660901305,8.660901305,8.660901305,8.660901305,8.660901305,8.660901305,8.660901305,8.660901305,8.660901305,RF
6.25E-05,6.25E-05,6.25E-05,6.25E-05,6.25E-05,6.25E-05,6.25E-05,6.25E-05,99.99943762,6.25E-05,RF
96.80234057,0.355295493,0.355295493,0.355295493,0.355295493,0.355295493,0.355295493,0.355295493,0.355295493,0.355295493,RF
3.72E-42,3.72E-42,3.72E-42,3.72E-42,3.72E-42,3.72E-42,3.72E-42,3.72E-42,100,3.72E-42,RF
3.72E-42,100,3.72E-42,3.72E-42,3.72E-42,3.72E-42,3.72E-42,3.72E-42,3.72E-42,3.72E-42,KNN
3.72E-42,3.72E-42,3.72E-42,3.72E-42,100,3.72E-42,3.72E-42,3.72E-42,3.72E-42,3.72E-42,KNN
3.72E-42,3.72E-42,3.72E-42,3.72E-42,100,3.72E-42,3.72E-42,3.72E-42,3.72E-42,3.72E-42,KNN
3.72E-42,3.72E-42,3.72E-42,3.72E-42,100,3.72E-42,3.72E-42,3.72E-42,3.72E-42,3.72E-42,KNN
10,10,10,10,10,10,10,10,10,10,KNN
10,10,10,10,10,10,10,10,10,10,KNN
10,10,10,10,10,10,10,10,10,10,KNN
10,10,10,10,10,10,10,10,10,10,KNN
10,10,10,10,10,10,10,10,10,10,KNN
10,10,10,10,10,10,10,10,10,10,KNN
10,10,10,10,10,10,10,10,10,10,KNN
10,10,10,10,10,10,10,10,10,10,KNN
10,10,10,10,10,10,10,10,10,10,KNN
3.72E-42,3.72E-42,100,3.72E-42,3.72E-42,3.72E-42,3.72E-42,3.72E-42,3.72E-42,3.72E-42,KNN
10,10,10,10,10,10,10,10,10,10,KNN
10,10,10,10,10,10,10,10,10,10,KNN
3.72E-42,100,3.72E-42,3.72E-42,3.72E-42,3.72E-42,3.72E-42,3.72E-42,3.72E-42,3.72E-42,KNN
3.72E-42,3.72E-42,3.72E-42,3.72E-42,100,3.72E-42,3.72E-42,3.72E-42,3.72E-42,3.72E-42,KNN
3.72E-42,3.72E-42,3.72E-42,3.72E-42,100,3.72E-42,3.72E-42,3.72E-42,3.72E-42,3.72E-42,KNN
3.72E-42,3.72E-42,3.72E-42,3.72E-42,100,3.72E-42,3.72E-42,3.72E-42,3.72E-42,3.72E-42,KNN
10,10,10,10,10,10,10,10,10,10,KNN
10,10,10,10,10,10,10,10,10,10,KNN
10,10,10,10,10,10,10,10,10,10,KNN
10,10,10,10,10,10,10,10,10,10,KNN
10,10,10,10,10,10,10,10,10,10,KNN
10,10,10,10,10,10,10,10,10,10,KNN
10,10,10,10,10,10,10,10,10,10,KNN
10,10,10,10,10,10,10,10,10,10,KNN
10,10,10,10,10,10,10,10,10,10,KNN
10,10,10,10,10,10,10,10,10,10,KNN
10,10,10,10,10,10,10,10,10,10,KNN
3.72E-42,3.72E-42,3.72E-42,3.72E-42,3.72E-42,3.72E-42,100,3.72E-42,3.72E-42,3.72E-42,KNN
3.72E-42,100,3.72E-42,3.72E-42,3.72E-42,3.72E-42,3.72E-42,3.72E-42,3.72E-42,3.72E-42,KNN
10,10,10,10,10,10,10,10,10,10,KNN
10,10,10,10,10,10,10,10,10,10,KNN
10,10,10,10,10,10,10,10,10,10,KNN
10,10,10,10,10,10,10,10,10,10,KNN
3.72E-42,3.72E-42,100,3.72E-42,3.72E-42,3.72E-42,3.72E-42,3.72E-42,3.72E-42,3.72E-42,KNN
10,10,10,10,10,10,10,10,10,10,KNN
10,10,10,10,10,10,10,10,10,10,KNN
10,10,10,10,10,10,10,10,10,10,KNN
3.72E-42,3.72E-42,100,3.72E-42,3.72E-42,3.72E-42,3.72E-42,3.72E-42,3.72E-42,3.72E-42,KNN
10,10,10,10,10,10,10,10,10,10,KNN
10,10,10,10,10,10,10,10,10,10,KNN
3.72E-42,3.72E-42,100,3.72E-42,3.72E-42,3.72E-42,3.72E-42,3.72E-42,3.72E-42,3.72E-42,KNN
3.72E-42,3.72E-42,100,3.72E-42,3.72E-42,3.72E-42,3.72E-42,3.72E-42,3.72E-42,3.72E-42,KNN
100,3.72E-42,3.72E-42,3.72E-42,3.72E-42,3.72E-42,3.72E-42,3.72E-42,3.72E-42,3.72E-42,KNN
10,10,10,10,10,10,10,10,10,10,KNN
3.72E-42,100,3.72E-42,3.72E-42,3.72E-42,3.72E-42,3.72E-42,3.72E-42,3.72E-42,3.72E-42,KNN
10,10,10,10,10,10,10,10,10,10,KNN
10,10,10,10,10,10,10,10,10,10,KNN
10,10,10,10,10,10,10,10,10,10,KNN
10,10,10,10,10,10,10,10,10,10,KNN
10,10,10,10,10,10,10,10,10,10,KNN
10,10,10,10,10,10,10,10,10,10,KNN
10,10,10,10,10,10,10,10,10,10,KNN
10,10,10,10,10,10,10,10,10,10,KNN
3.72E-42,3.72E-42,3.72E-42,100,3.72E-42,3.72E-42,3.72E-42,3.72E-42,3.72E-42,3.72E-42,KNN
10,10,10,10,10,10,10,10,10,10,KNN
3.72E-42,3.72E-42,3.72E-42,3.72E-42,3.72E-42,3.72E-42,3.72E-42,3.72E-42,3.72E-42,100,KNN
10,10,10,10,10,10,10,10,10,10,KNN
10,10,10,10,10,10,10,10,10,10,KNN
100,3.72E-42,3.72E-42,3.72E-42,3.72E-42,3.72E-42,3.72E-42,3.72E-42,3.72E-42,3.72E-42,KNN
3.72E-42,3.72E-42,3.72E-42,3.72E-42,3.72E-42,3.72E-42,3.72E-42,3.72E-42,100,3.72E-42,KNN
3.72E-42,3.72E-42,3.72E-42,3.72E-42,3.72E-42,3.72E-42,3.72E-42,100,3.72E-42,3.72E-42,KNN
10,10,10,10,10,10,10,10,10,10,KNN
10,10,10,10,10,10,10,10,10,10,KNN
10,10,10,10,10,10,10,10,10,10,KNN
10,10,10,10,10,10,10,10,10,10,KNN
3.72E-42,3.72E-42,100,3.72E-42,3.72E-42,3.72E-42,3.72E-42,3.72E-42,3.72E-42,3.72E-42,KNN
10,10,10,10,10,10,10,10,10,10,KNN
10,10,10,10,10,10,10,10,10,10,KNN
10,10,10,10,10,10,10,10,10,10,KNN
3.72E-42,3.72E-42,100,3.72E-42,3.72E-42,3.72E-42,3.72E-42,3.72E-42,3.72E-42,3.72E-42,KNN
3.72E-42,3.72E-42,3.72E-42,3.72E-42,3.72E-42,100,3.72E-42,3.72E-42,3.72E-42,3.72E-42,KNN
3.72E-42,3.72E-42,3.72E-42,3.72E-42,3.72E-42,100,3.72E-42,3.72E-42,3.72E-42,3.72E-42,KNN
3.72E-42,3.72E-42,100,3.72E-42,3.72E-42,3.72E-42,3.72E-42,3.72E-42,3.72E-42,3.72E-42,KNN
3.72E-42,3.72E-42,100,3.72E-42,3.72E-42,3.72E-42,3.72E-42,3.72E-42,3.72E-42,3.72E-42,KNN
10,10,10,10,10,10,10,10,10,10,KNN
3.72E-42,3.72E-42,3.72E-42,3.72E-42,3.72E-42,3.72E-42,100,3.72E-42,3.72E-42,3.72E-42,KNN
3.72E-42,3.72E-42,3.72E-42,3.72E-42,3.72E-42,3.72E-42,3.72E-42,100,3.72E-42,3.72E-42,KNN
10,10,10,10,10,10,10,10,10,10,KNN
10,10,10,10,10,10,10,10,10,10,KNN
10,10,10,10,10,10,10,10,10,10,KNN
10,10,10,10,10,10,10,10,10,10,KNN
3.72E-42,3.72E-42,3.72E-42,3.72E-42,3.72E-42,3.72E-42,100,3.72E-42,3.72E-42,3.72E-42,KNN
10,10,10,10,10,10,10,10,10,10,KNN
3.72E-42,3.72E-42,3.72E-42,3.72E-42,3.72E-42,3.72E-42,100,3.72E-42,3.72E-42,3.72E-42,KNN
10,10,10,10,10,10,10,10,10,10,KNN
3.72E-42,3.72E-42,3.72E-42,3.72E-42,3.72E-42,100,3.72E-42,3.72E-42,3.72E-42,3.72E-42,KNN
3.72E-42,3.72E-42,3.72E-42,3.72E-42,3.72E-42,100,3.72E-42,3.72E-42,3.72E-42,3.72E-42,KNN
3.72E-42,3.72E-42,3.72E-42,3.72E-42,3.72E-42,100,3.72E-42,3.72E-42,3.72E-42,3.72E-42,KNN
3.72E-42,3.72E-42,3.72E-42,3.72E-42,3.72E-42,3.72E-42,100,3.72E-42,3.72E-42,3.72E-42,KNN
3.72E-42,3.72E-42,3.72E-42,3.72E-42,3.72E-42,3.72E-42,100,3.72E-42,3.72E-42,3.72E-42,KNN
3.72E-42,3.72E-42,3.72E-42,3.72E-42,3.72E-42,3.72E-42,100,3.72E-42,3.72E-42,3.72E-42,KNN
3.72E-42,3.72E-42,3.72E-42,3.72E-42,3.72E-42,3.72E-42,100,3.72E-42,3.72E-42,3.72E-42,KNN
3.72E-42,3.72E-42,3.72E-42,3.72E-42,3.72E-42,3.72E-42,3.72E-42,100,3.72E-42,3.72E-42,KNN
3.72E-42,3.72E-42,100,3.72E-42,3.72E-42,3.72E-42,3.72E-42,3.72E-42,3.72E-42,3.72E-42,KNN
10,10,10,10,10,10,10,10,10,10,KNN
10,10,10,10,10,10,10,10,10,10,KNN
10,10,10,10,10,10,10,10,10,10,KNN
3.72E-42,3.72E-42,100,3.72E-42,3.72E-42,3.72E-42,3.72E-42,3.72E-42,3.72E-42,3.72E-42,KNN
10,10,10,10,10,10,10,10,10,10,KNN
10,10,10,10,10,10,10,10,10,10,KNN
3.72E-42,3.72E-42,100,3.72E-42,3.72E-42,3.72E-42,3.72E-42,3.72E-42,3.72E-42,3.72E-42,KNN
3.72E-42,3.72E-42,100,3.72E-42,3.72E-42,3.72E-42,3.72E-42,3.72E-42,3.72E-42,3.72E-42,KNN
10,10,10,10,10,10,10,10,10,10,KNN
3.72E-42,3.72E-42,3.72E-42,3.72E-42,3.72E-42,3.72E-42,3.72E-42,3.72E-42,3.72E-42,100,KNN
3.72E-42,3.72E-42,100,3.72E-42,3.72E-42,3.72E-42,3.72E-42,3.72E-42,3.72E-42,3.72E-42,KNN
3.72E-42,3.72E-42,100,3.72E-42,3.72E-42,3.72E-42,3.72E-42,3.72E-42,3.72E-42,3.72E-42,KNN
100,3.72E-42,3.72E-42,3.72E-42,3.72E-42,3.72E-42,3.72E-42,3.72E-42,3.72E-42,3.72E-42,KNN
10,10,10,10,10,10,10,10,10,10,KNN
3.72E-42,3.72E-42,3.72E-42,3.72E-42,3.72E-42,3.72E-42,3.72E-42,100,3.72E-42,3.72E-42,KNN
10,10,10,10,10,10,10,10,10,10,KNN
10,10,10,10,10,10,10,10,10,10,KNN
3.72E-42,3.72E-42,3.72E-42,3.72E-42,3.72E-42,3.72E-42,3.72E-42,3.72E-42,3.72E-42,100,KNN
10,10,10,10,10,10,10,10,10,10,KNN
10,10,10,10,10,10,10,10,10,10,KNN
100,3.72E-42,3.72E-42,3.72E-42,3.72E-42,3.72E-42,3.72E-42,3.72E-42,3.72E-42,3.72E-42,KNN
3.72E-42,3.72E-42,3.72E-42,3.72E-42,3.72E-42,3.72E-42,3.72E-42,3.72E-42,100,3.72E-42,KNN
10,10,10,10,10,10,10,10,10,10,KNN
3.72E-42,3.72E-42,3.72E-42,100,3.72E-42,3.72E-42,3.72E-42,3.72E-42,3.72E-42,3.72E-42,KNN
3.72E-42,3.72E-42,3.72E-42,3.72E-42,3.72E-42,3.72E-42,3.72E-42,3.72E-42,3.72E-42,100,KNN
3.72E-42,3.72E-42,3.72E-42,3.72E-42,3.72E-42,3.72E-42,3.72E-42,3.72E-42,3.72E-42,100,KNN
100,3.72E-42,3.72E-42,3.72E-42,3.72E-42,3.72E-42,3.72E-42,3.72E-42,3.72E-42,3.72E-42,KNN
10,10,10,10,10,10,10,10,10,10,KNN
100,3.72E-42,3.72E-42,3.72E-42,3.72E-42,3.72E-42,3.72E-42,3.72E-42,3.72E-42,3.72E-42,KNN
3.72E-42,3.72E-42,3.72E-42,3.72E-42,3.72E-42,3.72E-42,3.72E-42,3.72E-42,100,3.72E-42,KNN
9.64E-21,9.64E-21,50.00077083,9.64E-21,9.64E-21,9.64E-21,9.64E-21,49.99922917,9.64E-21,9.64E-21,SGD
3.45E-15,3.45E-15,50,3.45E-15,50,3.45E-15,3.45E-15,3.45E-15,3.45E-15,3.45E-15,SGD
8.77E-18,8.77E-18,8.77E-18,8.77E-18,100,8.77E-18,8.77E-18,8.77E-18,8.77E-18,8.77E-18,SGD
3.34E-13,3.34E-13,3.34E-13,3.34E-13,100,3.34E-13,3.34E-13,3.34E-13,3.34E-13,3.34E-13,SGD
1.92E-20,1.92E-20,100,1.92E-20,1.92E-20,1.92E-20,1.92E-20,1.92E-20,1.92E-20,1.92E-20,SGD
3.27E-13,3.27E-13,100,3.27E-13,3.27E-13,3.27E-13,3.27E-13,3.27E-13,3.27E-13,3.27E-13,SGD
10,10,10,10,10,10,10,10,10,10,SGD
10,10,10,10,10,10,10,10,10,10,SGD
3.72E-42,3.72E-42,100,3.72E-42,3.72E-42,3.72E-42,3.72E-42,3.72E-42,3.72E-42,3.72E-42,SGD
3.72E-42,3.72E-42,100,3.72E-42,3.72E-42,3.72E-42,3.72E-42,3.72E-42,3.72E-42,3.72E-42,SGD
10,10,10,10,10,10,10,10,10,10,SGD
10,10,10,10,10,10,10,10,10,10,SGD
3.72E-42,3.72E-42,100,3.72E-42,3.72E-42,3.72E-42,3.72E-42,3.72E-42,3.72E-42,3.72E-42,SGD
1.93E-20,1.93E-20,100,1.93E-20,1.93E-20,1.93E-20,1.93E-20,1.93E-20,1.93E-20,1.93E-20,SGD
10,10,10,10,10,10,10,10,10,10,SGD
10,10,10,10,10,10,10,10,10,10,SGD
4.12E-32,4.56E-22,4.12E-32,4.12E-32,4.12E-32,4.12E-32,4.12E-32,100,4.12E-32,4.12E-32,SGD
3.72E-42,3.72E-42,3.72E-42,3.72E-42,100,3.72E-42,3.72E-42,3.72E-42,3.72E-42,3.72E-42,SGD
50.00015541,9.64E-21,9.64E-21,9.64E-21,49.99984459,9.64E-21,9.64E-21,9.64E-21,9.64E-21,9.64E-21,SGD
3.72E-42,3.72E-42,3.72E-42,3.72E-42,100,3.72E-42,3.72E-42,3.72E-42,3.72E-42,3.72E-42,SGD
1.731790035,1.731790035,1.731790035,1.731790035,1.731790035,1.731790035,84.41388969,1.731790035,1.731790035,1.731790035,SGD
1.93E-20,1.93E-20,1.93E-20,1.93E-20,1.93E-20,1.93E-20,100,1.93E-20,1.93E-20,1.93E-20,SGD
100,3.34E-13,3.34E-13,3.34E-13,3.34E-13,3.34E-13,3.34E-13,3.34E-13,3.34E-13,3.34E-13,SGD
9.942326509,9.942326509,9.942326509,9.942326509,9.942326509,9.942326509,9.942326509,9.942326509,10.51906142,9.942326509,SGD
100,1.93E-20,1.93E-20,1.93E-20,1.93E-20,1.93E-20,1.93E-20,1.93E-20,1.93E-20,1.93E-20,SGD
3.72E-42,3.72E-42,3.72E-42,100,3.72E-42,3.72E-42,3.72E-42,3.72E-42,3.72E-42,3.72E-42,SGD
100,1.93E-20,1.93E-20,1.93E-20,1.93E-20,1.93E-20,1.93E-20,1.93E-20,1.93E-20,1.93E-20,SGD
10,10,10,10,10,10,10,10,10,10,SGD
2.98E-20,2.98E-20,2.98E-20,2.98E-20,2.98E-20,2.98E-20,100,2.98E-20,2.98E-20,2.98E-20,SGD
1.93E-41,1.93E-41,1.93E-41,1.93E-41,1.93E-41,1.93E-41,100,1.93E-41,1.93E-41,1.93E-41,SGD
100,1.93E-20,1.93E-20,1.93E-20,1.93E-20,1.93E-20,1.93E-20,1.93E-20,1.93E-20,1.93E-20,SGD
9.999999957,9.999999957,9.999999957,9.999999957,9.999999957,9.999999957,9.999999957,9.999999957,10.00000038,9.999999957,SGD
2.58E-23,2.58E-23,99.99982144,2.58E-23,2.58E-23,2.58E-23,2.58E-23,0.000178557,2.58E-23,2.58E-23,SGD
1.93E-20,1.93E-20,100,1.93E-20,1.93E-20,1.93E-20,1.93E-20,1.93E-20,1.93E-20,1.93E-20,SGD
2.14E-20,2.14E-20,2.14E-20,2.14E-20,2.14E-20,2.14E-20,2.14E-20,2.14E-20,2.14E-20,100,SGD
3.34E-13,3.34E-13,3.34E-13,3.34E-13,3.34E-13,3.34E-13,3.34E-13,3.34E-13,3.34E-13,100,SGD
2.19E-40,2.19E-40,100,2.19E-40,2.19E-40,2.19E-40,2.19E-40,2.19E-40,2.19E-40,2.19E-40,SGD
1.93E-20,1.93E-20,100,1.93E-20,1.93E-20,1.93E-20,1.93E-20,1.93E-20,1.93E-20,1.93E-20,SGD
10,10,10,10,10,10,10,10,10,10,SGD
3.34E-13,3.34E-13,3.34E-13,3.34E-13,3.34E-13,3.34E-13,3.34E-13,3.34E-13,100,3.34E-13,SGD
3.72E-42,3.72E-42,100,3.72E-42,3.72E-42,3.72E-42,3.72E-42,3.72E-42,3.72E-42,3.72E-42,SGD
3.72E-42,3.72E-42,100,3.72E-42,3.72E-42,3.72E-42,3.72E-42,3.72E-42,3.72E-42,3.72E-42,SGD
6.21E-16,6.21E-16,6.21E-16,6.21E-16,6.21E-16,6.21E-16,6.21E-16,6.21E-16,6.21E-16,100,SGD
3.31E-13,3.31E-13,3.31E-13,3.31E-13,3.31E-13,3.31E-13,3.31E-13,3.31E-13,3.31E-13,100,SGD
3.72E-42,3.72E-42,100,3.72E-42,3.72E-42,3.72E-42,3.72E-42,3.72E-42,3.72E-42,3.72E-42,SGD
1.93E-20,1.93E-20,100,1.93E-20,1.93E-20,1.93E-20,1.93E-20,1.93E-20,1.93E-20,1.93E-20,SGD
10,10,10,10,10,10,10,10,10,10,SGD
3.34E-13,3.34E-13,3.34E-13,3.34E-13,3.34E-13,3.34E-13,3.34E-13,3.34E-13,100,3.34E-13,SGD
3.72E-42,100,3.72E-42,3.72E-42,3.72E-42,3.72E-42,3.72E-42,3.72E-42,3.72E-42,3.72E-42,SGD
1.93E-20,1.93E-20,1.93E-20,100,1.93E-20,1.93E-20,1.93E-20,1.93E-20,1.93E-20,1.93E-20,SGD
1.93E-20,1.93E-20,1.93E-20,1.93E-20,1.93E-20,1.93E-20,1.93E-20,1.93E-20,1.93E-20,100,SGD
6.94E-10,6.94E-10,6.94E-10,6.94E-10,6.94E-10,6.94E-10,6.94E-10,6.94E-10,50,50,SGD
10,10,10,10,10,10,10,10,10,10,SGD
1.81E-10,1.81E-10,1.81E-10,1.81E-10,1.81E-10,1.81E-10,1.81E-10,1.81E-10,100,1.81E-10,SGD
3.34E-13,3.34E-13,3.34E-13,3.34E-13,3.34E-13,3.34E-13,3.34E-13,3.34E-13,100,3.34E-13,SGD
3.34E-13,3.34E-13,3.34E-13,3.34E-13,3.34E-13,3.34E-13,3.34E-13,3.34E-13,100,3.34E-13,SGD
10,10,10,10,10,10,10,10,10,10,SGD
1.93E-20,1.93E-20,1.93E-20,100,1.93E-20,1.93E-20,1.93E-20,1.93E-20,1.93E-20,1.93E-20,SGD
50,1.67E-13,1.67E-13,1.67E-13,1.67E-13,1.67E-13,1.67E-13,1.67E-13,1.67E-13,50,SGD
1.67E-13,1.67E-13,1.67E-13,1.67E-13,1.67E-13,1.67E-13,1.67E-13,1.67E-13,50,50,SGD
10,10,10,10,10,10,10,10,10,10,SGD
3.34E-13,3.34E-13,3.34E-13,3.34E-13,3.34E-13,3.34E-13,3.34E-13,3.34E-13,100,3.34E-13,SGD
50,1.67E-13,1.67E-13,1.67E-13,1.67E-13,1.67E-13,1.67E-13,1.67E-13,50,1.67E-13,SGD
3.34E-13,3.34E-13,3.34E-13,3.34E-13,3.34E-13,3.34E-13,3.34E-13,3.34E-13,100,3.34E-13,SGD
1.03E-20,1.03E-20,50,1.03E-20,1.03E-20,1.19E-20,1.03E-20,50,1.03E-20,1.03E-20,SGD
1.93E-20,1.93E-20,100,1.93E-20,1.93E-20,1.93E-20,1.93E-20,1.93E-20,1.93E-20,1.93E-20,SGD
3.34E-13,3.34E-13,3.34E-13,3.34E-13,3.34E-13,100,3.34E-13,3.34E-13,3.34E-13,3.34E-13,SGD
1.49E-09,1.49E-09,1.49E-09,1.49E-09,1.49E-09,99.99999999,1.49E-09,1.49E-09,1.49E-09,1.49E-09,SGD
1.93E-20,1.93E-20,100,1.93E-20,1.93E-20,1.93E-20,1.93E-20,1.93E-20,1.93E-20,1.93E-20,SGD
6.94E-10,6.94E-10,50.0096941,6.94E-10,6.94E-10,6.94E-10,49.9903059,6.94E-10,6.94E-10,6.94E-10,SGD
10,10,10,10,10,10,10,10,10,10,SGD
10,10,10,10,10,10,10,10,10,10,SGD
9.64E-21,9.64E-21,50,9.64E-21,9.64E-21,50,9.64E-21,9.64E-21,9.64E-21,9.64E-21,SGD
9.64E-21,9.64E-21,50,9.64E-21,9.64E-21,50,9.64E-21,9.64E-21,9.64E-21,9.64E-21,SGD
1.93E-20,1.93E-20,1.93E-20,1.93E-20,1.93E-20,100,1.93E-20,1.93E-20,1.93E-20,1.93E-20,SGD
1.93E-20,1.93E-20,1.93E-20,1.93E-20,1.93E-20,100,1.93E-20,1.93E-20,1.93E-20,1.93E-20,SGD
3.72E-42,3.72E-42,100,3.72E-42,3.72E-42,3.72E-42,3.72E-42,3.72E-42,3.72E-42,3.72E-42,SGD
9.64E-21,9.64E-21,50.00710252,9.64E-21,9.64E-21,9.64E-21,49.99289748,9.64E-21,9.64E-21,9.64E-21,SGD
10,10,10,10,10,10,10,10,10,10,SGD
10,10,10,10,10,10,10,10,10,10,SGD
9.64E-21,9.64E-21,9.64E-21,9.64E-21,9.64E-21,9.64E-21,50,50,9.64E-21,9.64E-21,SGD
6.38E-17,6.38E-17,6.38E-17,7.00E-10,6.38E-17,6.38E-17,100,6.38E-17,6.38E-17,6.38E-17,SGD
100,1.93E-20,1.93E-20,1.93E-20,1.93E-20,1.93E-20,1.93E-20,1.93E-20,1.93E-20,1.93E-20,SGD
10,10,10,10,10,10,10,10,10,10,SGD
3.34E-13,3.34E-13,3.34E-13,3.34E-13,3.34E-13,3.34E-13,100,3.34E-13,3.34E-13,3.34E-13,SGD
1.39E-09,1.39E-09,1.39E-09,1.39E-09,1.39E-09,1.39E-09,99.99999999,1.39E-09,1.39E-09,1.39E-09,SGD
50.00000001,1.67E-13,1.67E-13,1.67E-13,1.67E-13,1.67E-13,49.99999999,1.67E-13,1.67E-13,1.67E-13,SGD
3.34E-13,3.34E-13,3.34E-13,3.34E-13,3.34E-13,3.34E-13,100,3.34E-13,3.34E-13,3.34E-13,SGD
33.33333334,1.11E-13,1.11E-13,1.11E-13,1.11E-13,33.33333331,33.33333334,1.11E-13,1.11E-13,1.11E-13,SGD
2.64E-21,2.64E-21,2.64E-21,1.913071148,2.64E-21,2.64E-21,98.08692885,2.64E-21,2.64E-21,2.64E-21,SGD
50,9.64E-21,9.64E-21,9.64E-21,9.64E-21,50,9.64E-21,9.64E-21,9.64E-21,9.64E-21,SGD
3.72E-42,3.72E-42,3.72E-42,3.72E-42,3.72E-42,100,3.72E-42,3.72E-42,3.72E-42,3.72E-42,SGD
4.13E-20,2.49E-20,2.49E-20,2.49E-20,2.49E-20,2.49E-20,100,2.49E-20,2.49E-20,2.49E-20,SGD
1.93E-20,1.93E-20,1.93E-20,1.93E-20,1.93E-20,1.93E-20,100,1.93E-20,1.93E-20,1.93E-20,SGD
53.44496887,9.62E-21,9.62E-21,9.62E-21,9.62E-21,9.62E-21,46.55503113,9.62E-21,9.62E-21,9.62E-21,SGD
3.72E-42,3.72E-42,3.72E-42,3.72E-42,3.72E-42,3.72E-42,100,3.72E-42,3.72E-42,3.72E-42,SGD
9.64E-21,9.64E-21,50,9.64E-21,9.64E-21,9.64E-21,9.64E-21,50,9.64E-21,9.64E-21,SGD
1.93E-20,1.93E-20,100,1.93E-20,1.93E-20,1.93E-20,1.93E-20,1.93E-20,1.93E-20,1.93E-20,SGD
1.38E-09,1.38E-09,1.38E-09,1.38E-09,1.38E-09,1.38E-09,1.38E-09,1.38E-09,1.38E-09,99.99999999,SGD
1.39E-09,1.39E-09,1.39E-09,1.39E-09,1.39E-09,1.39E-09,1.39E-09,1.39E-09,1.39E-09,99.99999999,SGD
1.16E-19,1.16E-19,100,1.16E-19,1.16E-19,1.16E-19,1.16E-19,1.16E-19,1.16E-19,1.16E-19,SGD
3.34E-13,3.34E-13,100,3.34E-13,3.34E-13,3.34E-13,3.34E-13,3.34E-13,3.34E-13,3.34E-13,SGD
10,10,10,10,10,10,10,10,10,10,SGD
10,10,10,10,10,10,10,10,10,10,SGD
1.93E-20,1.93E-20,100,1.93E-20,1.93E-20,1.93E-20,1.93E-20,1.93E-20,1.93E-20,1.93E-20,SGD
1.60E-20,1.60E-20,100,1.60E-20,1.60E-20,1.60E-20,1.60E-20,1.60E-20,1.60E-20,1.60E-20,SGD
3.34E-13,3.34E-13,3.34E-13,3.34E-13,3.34E-13,3.34E-13,3.34E-13,3.34E-13,3.34E-13,100,SGD
3.34E-13,3.34E-13,3.34E-13,3.34E-13,3.34E-13,3.34E-13,3.34E-13,3.34E-13,3.34E-13,100,SGD
1.93E-20,1.93E-20,100,1.93E-20,1.93E-20,1.93E-20,1.93E-20,1.93E-20,1.93E-20,1.93E-20,SGD
3.72E-42,3.72E-42,100,3.72E-42,3.72E-42,3.72E-42,3.72E-42,3.72E-42,3.72E-42,3.72E-42,SGD
10,10,10,10,10,10,10,10,10,10,SGD
10,10,10,10,10,10,10,10,10,10,SGD
3.72E-42,3.72E-42,3.72E-42,3.72E-42,3.72E-42,3.72E-42,3.72E-42,100,3.72E-42,3.72E-42,SGD
1.93E-20,1.93E-20,1.93E-20,100,1.93E-20,1.93E-20,1.93E-20,1.93E-20,1.93E-20,1.93E-20,SGD
2.41E-20,2.08E-20,2.08E-20,2.08E-20,2.08E-20,2.08E-20,2.08E-20,2.08E-20,2.08E-20,100,SGD
1.45E-15,1.45E-15,1.45E-15,1.45E-15,1.45E-15,1.45E-15,1.45E-15,1.45E-15,1.45E-15,100,SGD
10,10,10,10,10,10,10,10,10,10,SGD
2.06E-07,2.06E-07,2.06E-07,2.06E-07,2.06E-07,2.06E-07,2.06E-07,2.06E-07,99.99999814,2.06E-07,SGD
10.00000316,9.999999649,9.999999649,9.999999649,9.999999649,9.999999649,9.999999649,9.999999649,9.999999649,9.999999649,SGD
3.34E-13,3.34E-13,3.34E-13,3.34E-13,3.34E-13,3.34E-13,3.34E-13,3.34E-13,100,3.34E-13,SGD
100,3.73E-42,3.73E-42,3.73E-42,3.73E-42,3.73E-42,3.73E-42,3.73E-42,3.73E-42,3.73E-42,SGD
3.72E-42,3.72E-42,3.72E-42,100,3.72E-42,3.72E-42,3.72E-42,3.72E-42,3.72E-42,3.72E-42,SGD
50,1.67E-13,1.67E-13,1.67E-13,1.67E-13,1.67E-13,1.67E-13,1.67E-13,1.67E-13,50,SGD
3.72E-42,3.72E-42,3.72E-42,3.72E-42,3.72E-42,3.72E-42,3.72E-42,3.72E-42,3.72E-42,100,SGD
10,10,10,10,10,10,10,10,10,10,SGD
3.34E-13,3.34E-13,3.34E-13,3.34E-13,3.34E-13,3.34E-13,3.34E-13,3.34E-13,100,3.34E-13,SGD
100,3.72E-42,3.72E-42,3.72E-42,3.72E-42,3.72E-42,3.72E-42,3.72E-42,3.72E-42,3.72E-42,SGD
3.72E-42,3.72E-42,3.72E-42,3.72E-42,3.72E-42,3.72E-42,3.72E-42,3.72E-42,100,3.72E-42,SGD
5.659180545,30.90388595,6.207853406,7.627973214,8.999755743,6.999645116,6.187336938,16.04358809,5.169925402,6.200855597,AFFINITY
2.973920806,2.973920806,6.181383807,15.1794879,18.95212206,29.13858866,5.903547852,2.973920806,4.973127049,10.74998026,AFFINITY
9.844316609,4.291486351,4.291486351,4.291486351,18.8125563,18.16876317,11.39810504,4.291486351,8.065700386,16.54461309,AFFINITY
3.158701861,3.158701861,3.158701861,3.158701861,28.39619104,28.25909377,7.399619099,3.158701861,5.6632031,14.48838369,AFFINITY
17.6832393,3.295760189,17.18414628,3.295760189,3.295760189,3.295760189,26.93432618,3.295760189,18.42372711,3.295760189,AFFINITY
4.837023686,4.837023686,23.08219466,4.837023686,4.837023686,4.837023686,26.59139045,4.837023686,16.46724909,4.837023686,AFFINITY
19.79156825,4.708652511,4.708652511,4.708652511,4.708652511,4.708652511,30.21326583,4.708652511,17.03459834,4.708652511,AFFINITY
6.006944913,6.006944913,6.006944913,6.006944913,6.006944913,6.006944913,34.01512958,6.006944913,17.92931111,6.006944913,AFFINITY
12.11576257,4.379728564,14.4067902,11.57865411,4.379728564,12.12891027,13.50620613,4.379728564,13.8783506,9.246140426,AFFINITY
3.896270384,3.896270384,11.52083837,16.72043757,3.896270384,26.12516517,10.22845608,3.896270384,8.769871018,11.05015025,AFFINITY
13.31536598,4.945503177,4.945503177,4.945503177,4.945503177,18.70716607,15.34943029,4.945503177,11.9400394,15.96048238,AFFINITY
4.1897238,4.1897238,4.1897238,4.1897238,4.1897238,37.11495214,11.61745795,4.1897238,8.88753714,17.24170997,AFFINITY
15.78144882,3.204414566,19.2049227,3.204414566,3.204414566,3.204414566,27.7695252,3.204414566,18.01761588,3.204414566,AFFINITY
4.019050199,4.019050199,27.29523302,4.019050199,4.019050199,4.019050199,28.91556055,4.019050199,15.65585503,4.019050199,AFFINITY
18.73197272,3.9621757,3.9621757,3.9621757,3.9621757,3.9621757,36.47626717,3.9621757,17.0565302,3.9621757,AFFINITY
4.561227834,4.561227834,4.561227834,4.561227834,4.561227834,4.561227834,46.54628706,4.561227834,16.96389027,4.561227834,AFFINITY
4.612057682,24.89285563,2.57508835,6.311697291,13.99998844,15.35022185,4.97428098,14.11314187,4.19490542,8.975762486,AFFINITY
2.690973861,2.690973861,2.690973861,10.90126512,19.65305987,37.86503853,5.432004178,2.690973861,4.447727643,10.93700922,AFFINITY
7.413052419,3.540532014,3.540532014,3.540532014,23.61335863,23.75169731,8.256822939,3.540532014,6.098528711,16.70441193,AFFINITY
1.395731046,1.395731046,1.395731046,1.395731046,37.20770616,41.58911963,3.06114716,1.395731046,2.333287487,8.830084335,AFFINITY
18.27902819,5.422570155,5.422570155,5.422570155,5.422570155,5.422570155,26.84238007,5.422570155,16.92060065,5.422570155,AFFINITY
6.667086836,6.667086836,6.667086836,6.667086836,6.667086836,6.667086836,29.46313383,6.667086836,17.20017149,6.667086836,AFFINITY
18.69438283,5.434789471,5.434789471,5.434789471,5.434789471,5.434789471,28.4122101,5.434789471,14.84988077,5.434789471,AFFINITY
6.495154886,6.495154886,6.495154886,6.495154886,6.495154886,6.495154886,32.410849,6.495154886,15.62791191,6.495154886,AFFINITY
10.08867178,4.584996335,4.584996335,12.81725375,4.584996335,23.73506692,11.32926239,4.584996335,9.687226476,14.00253333,AFFINITY
2.995354303,2.995354303,2.995354303,13.25512698,2.995354303,48.35374764,7.137440102,2.995354303,5.718339485,10.55857428,AFFINITY
10.07403822,4.212269877,4.212269877,4.212269877,4.212269877,30.32081806,11.2233858,4.212269877,8.41046606,18.90994248,AFFINITY
0.5197461,0.5197461,0.5197461,0.5197461,0.5197461,91.00476698,1.279196783,0.5197461,0.96176683,3.635792806,AFFINITY
17.2466332,4.839835513,4.839835513,4.839835513,4.839835513,4.839835513,31.9891331,4.839835513,16.88538511,4.839835513,AFFINITY
5.717017282,5.717017282,5.717017282,5.717017282,5.717017282,5.717017282,37.78304616,5.717017282,16.48081559,5.717017282,AFFINITY
17.53428694,4.245177864,4.245177864,4.245177864,4.245177864,4.245177864,38.9992124,4.245177864,13.75025561,4.245177864,AFFINITY
4.157605971,4.157605971,4.157605971,4.157605971,4.157605971,4.157605971,54.45147296,4.157605971,12.28767927,4.157605971,AFFINITY
0.037057468,93.50853177,0.038377011,0.070434352,0.020269346,0.020269346,0.020269346,6.210807245,0.033522347,0.040461772,AFFINITY
5.194067421,5.194067421,12.33639057,30.06087673,5.194067421,5.194067421,5.194067421,5.194067421,9.767581665,16.67074651,AFFINITY
16.8085897,6.162468979,6.162468979,6.162468979,6.162468979,6.162468979,6.162468979,6.162468979,13.62493302,26.42919442,AFFINITY
6.710270109,6.710270109,6.710270109,6.710270109,6.710270109,6.710270109,6.710270109,6.710270109,13.26721942,33.0506197,AFFINITY
20.01815394,5.688057633,20.1264142,5.688057633,5.688057633,5.688057633,5.688057633,5.688057633,20.03902843,5.688057633,AFFINITY
6.62799807,6.62799807,26.47528708,6.62799807,6.62799807,6.62799807,6.62799807,6.62799807,20.50072835,6.62799807,AFFINITY
26.32240413,6.450879723,6.450879723,6.450879723,6.450879723,6.450879723,6.450879723,6.450879723,22.07055809,6.450879723,AFFINITY
8.423430296,8.423430296,8.423430296,8.423430296,8.423430296,8.423430296,8.423430296,8.423430296,24.18912734,8.423430296,AFFINITY
13.28654462,5.346735882,14.68871386,19.42985689,5.346735882,5.346735882,5.346735882,5.346735882,12.96705716,12.89414805,AFFINITY
5.123583715,5.123583715,14.67854696,27.98236429,5.123583715,5.123583715,5.123583715,5.123583715,11.30567041,15.29191604,AFFINITY
17.69612799,6.26065637,6.26065637,6.26065637,6.26065637,6.26065637,6.26065637,6.26065637,15.10979083,23.36948658,AFFINITY
6.902880986,6.902880986,6.902880986,6.902880986,6.902880986,6.902880986,6.902880986,6.902880986,14.52305111,30.253901,AFFINITY
20.22248496,4.894115605,23.57842936,4.894115605,4.894115605,4.894115605,4.894115605,4.894115605,21.94027644,4.894115605,AFFINITY
5.687748819,5.687748819,32.8513835,5.687748819,5.687748819,5.687748819,5.687748819,5.687748819,21.64662594,5.687748819,AFFINITY
27.65859929,5.940353822,5.940353822,5.940353822,5.940353822,5.940353822,5.940353822,5.940353822,24.81857014,5.940353822,AFFINITY
7.963240796,7.963240796,7.963240796,7.963240796,7.963240796,7.963240796,7.963240796,7.963240796,28.33083284,7.963240796,AFFINITY
0.123597753,77.65613883,0.06647098,0.210788892,0.06647098,0.06647098,0.06647098,21.44514989,0.110291341,0.188149373,AFFINITY
5.458819079,5.458819079,5.458819079,30.66828454,5.458819079,5.458819079,5.458819079,5.458819079,9.327817792,21.79216411,AFFINITY
13.77421976,6.048984595,6.048984595,6.048984595,6.048984595,6.048984595,6.048984595,6.048984595,11.11057942,32.77230866,AFFINITY
5.398457751,5.398457751,5.398457751,5.398457751,5.398457751,5.398457751,5.398457751,5.398457751,9.095812342,47.71652565,AFFINITY
22.07837099,7.24017655,7.24017655,7.24017655,7.24017655,7.24017655,7.24017655,7.24017655,20.00021661,7.24017655,AFFINITY
8.717016471,8.717016471,8.717016471,8.717016471,8.717016471,8.717016471,8.717016471,8.717016471,21.54685176,8.717016471,AFFINITY
24.76812093,7.066837641,7.066837641,7.066837641,7.066837641,7.066837641,7.066837641,7.066837641,18.69717794,7.066837641,AFFINITY
8.941259771,8.941259771,8.941259771,8.941259771,8.941259771,8.941259771,8.941259771,8.941259771,19.52866206,8.941259771,AFFINITY
13.16444281,5.94354312,5.94354312,20.85368101,5.94354312,5.94354312,5.94354312,5.94354312,11.98595801,18.33465945,AFFINITY
5.231227957,5.231227957,5.231227957,33.33045979,5.231227957,5.231227957,5.231227957,5.231227957,9.861442834,20.18950168,AFFINITY
14.38990435,5.868863694,5.868863694,5.868863694,5.868863694,5.868863694,5.868863694,5.868863694,11.61966256,32.90838723,AFFINITY
4.732716028,4.732716028,4.732716028,4.732716028,4.732716028,4.732716028,4.732716028,4.732716028,8.200853696,53.93741808,AFFINITY
23.91114619,6.649093748,6.649093748,6.649093748,6.649093748,6.649093748,6.649093748,6.649093748,22.89610382,6.649093748,AFFINITY
8.340821128,8.340821128,8.340821128,8.340821128,8.340821128,8.340821128,8.340821128,8.340821128,24.93260985,8.340821128,AFFINITY
28.26611504,6.350772721,6.350772721,6.350772721,6.350772721,6.350772721,6.350772721,6.350772721,20.92770318,6.350772721,AFFINITY
8.64335036,8.64335036,8.64335036,8.64335036,8.64335036,8.64335036,8.64335036,8.64335036,22.20984676,8.64335036,AFFINITY
12.00345643,3.624383382,10.16398639,9.755076516,3.624383382,8.947152155,10.4702708,24.43422106,9.23355276,7.743517123,AFFINITY
4.035264474,4.035264474,10.73794577,17.82806867,4.035264474,25.29143554,10.15229101,4.035264474,8.389705657,11.45949545,AFFINITY
14.86872578,5.010141566,5.010141566,5.010141566,5.010141566,17.94505036,14.81114564,5.010141566,11.13996293,16.18440745,AFFINITY
4.347509426,4.347509426,4.347509426,4.347509426,4.347509426,35.8839099,11.44740432,4.347509426,8.803542711,17.78008652,AFFINITY
19.03803032,3.386898157,17.12850674,3.386898157,3.386898157,3.386898157,26.42178782,3.386898157,17.09028618,3.386898157,AFFINITY
4.48963357,4.48963357,23.88525586,4.48963357,4.48963357,4.48963357,28.33610786,4.48963357,16.35120128,4.48963357,AFFINITY
22.6460941,4.103069396,4.103069396,4.103069396,4.103069396,4.103069396,32.22097761,4.103069396,16.41144252,4.103069396,AFFINITY
5.220826767,5.220826767,5.220826767,5.220826767,5.220826767,5.220826767,40.10597918,5.220826767,18.12740669,5.220826767,AFFINITY
13.66927713,4.230419309,14.27653952,11.69791505,4.230419309,11.7088583,13.84365591,4.230419309,13.20499146,8.907504699,AFFINITY
3.818616312,3.818616312,13.20022898,17.3691703,3.818616312,23.49617703,11.26480972,3.818616312,9.448435326,9.946713399,AFFINITY
15.9218279,4.715596157,4.715596157,4.715596157,4.715596157,17.55099743,15.83175116,4.715596157,12.47901213,14.63843059,AFFINITY
3.740671049,3.740671049,3.740671049,3.740671049,3.740671049,40.95275863,11.4323561,3.740671049,8.860312744,16.31054623,AFFINITY
16.26515984,2.91152532,19.72405565,2.91152532,2.91152532,2.91152532,30.65849591,2.91152532,15.88313668,2.91152532,AFFINITY
2.963208973,2.963208973,34.2894665,2.963208973,2.963208973,2.963208973,32.40263432,2.963208973,12.56543637,2.963208973,AFFINITY
21.20680764,2.655897961,2.655897961,2.655897961,2.655897961,2.655897961,46.72488642,2.655897961,13.47702021,2.655897961,AFFINITY
1.667876851,1.667876851,1.667876851,1.667876851,1.667876851,1.667876851,77.65755355,1.667876851,8.999431645,1.667876851,AFFINITY
8.179309439,3.28758639,3.28758639,9.564513488,3.28758639,18.07590245,7.930942798,30.0954579,6.543419174,9.747695581,AFFINITY
3.250200275,3.250200275,3.250200275,15.08609647,3.250200275,43.87226606,7.456462352,3.250200275,5.988526929,11.34564681,AFFINITY
11.32679259,4.314992995,4.314992995,4.314992995,4.314992995,28.61751276,10.99846857,4.314992995,8.295917219,19.18634388,AFFINITY
1.493081098,1.493081098,1.493081098,1.493081098,1.493081098,74.29170711,3.444050029,1.493081098,2.677326778,10.6284295,AFFINITY
19.94058972,4.968499255,4.968499255,4.968499255,4.968499255,4.968499255,28.9351321,4.968499255,16.3447834,4.968499255,AFFINITY
6.231960297,6.231960297,6.231960297,6.231960297,6.231960297,6.231960297,33.14021107,6.231960297,17.00410656,6.231960297,AFFINITY
22.60157292,4.572747055,4.572747055,4.572747055,4.572747055,4.572747055,31.51423798,4.572747055,13.87495972,4.572747055,AFFINITY
5.774695172,5.774695172,5.774695172,5.774695172,5.774695172,5.774695172,38.24600873,5.774695172,15.5564299,5.774695172,AFFINITY
11.83942839,4.394193663,4.394193663,13.35239832,4.394193663,22.57930948,12.30610908,4.394193663,10.1465631,12.19941698,AFFINITY
2.633530042,2.633530042,2.633530042,15.29257221,2.633530042,50.68761017,6.925917022,2.633530042,5.39201487,8.534235523,AFFINITY
12.43077121,3.867104346,3.867104346,3.867104346,3.867104346,29.78438561,11.18735004,3.867104346,8.423661266,18.83831014,AFFINITY
0.009187727,0.009187727,0.009187727,0.009187727,0.009187727,99.75029586,0.023327971,0.009187727,0.018465891,0.152783918,AFFINITY
17.34198227,3.894309823,3.894309823,3.894309823,3.894309823,3.894309823,41.16574851,3.894309823,14.23210046,3.894309823,AFFINITY
3.961239602,3.961239602,3.961239602,3.961239602,3.961239602,3.961239602,56.26480877,3.961239602,12.04527442,3.961239602,AFFINITY
20.10399638,1.553313252,1.553313252,1.553313252,1.553313252,1.553313252,62.88188855,1.553313252,6.140922309,1.553313252,AFFINITY
0.041489598,0.041489598,0.041489598,0.041489598,0.041489598,0.041489598,99.44690061,0.041489598,0.221182608,0.041489598,AFFINITY
0.846276288,0.292226833,0.741881296,1.127014837,0.292226833,0.292226833,0.292226833,94.74625699,0.654431319,0.715231937,AFFINITY
5.148394702,5.148394702,13.35307884,29.54427028,5.148394702,5.148394702,5.148394702,5.148394702,10.8549366,15.35734607,AFFINITY
19.39114185,6.189451438,6.189451438,6.189451438,6.189451438,6.189451438,6.189451438,6.189451438,14.25205514,23.03064294,AFFINITY
6.984876904,6.984876904,6.984876904,6.984876904,6.984876904,6.984876904,6.984876904,6.984876904,14.18638425,29.93460052,AFFINITY
23.83177215,5.015562632,20.22761725,5.015562632,5.015562632,5.015562632,5.015562632,5.015562632,20.83167217,5.015562632,AFFINITY
6.353217921,6.353217921,26.65172303,6.353217921,6.353217921,6.353217921,6.353217921,6.353217921,22.52253361,6.353217921,AFFINITY
31.71974941,5.751103251,5.751103251,5.751103251,5.751103251,5.751103251,5.751103251,5.751103251,22.27142458,5.751103251,AFFINITY
8.175893254,8.175893254,8.175893254,8.175893254,8.175893254,8.175893254,8.175893254,8.175893254,26.41696071,8.175893254,AFFINITY
15.67091935,5.037698037,14.83021476,18.40335589,5.037698037,5.037698037,5.037698037,5.037698037,13.73960727,12.16741255,AFFINITY
5.083690015,5.083690015,15.02073832,28.33988184,5.083690015,5.083690015,5.083690015,5.083690015,12.20912003,13.92811972,AFFINITY
20.71653141,6.121677402,6.121677402,6.121677402,6.121677402,6.121677402,6.121677402,6.121677402,15.56047494,20.87125184,AFFINITY
7.097869259,7.097869259,7.097869259,7.097869259,7.097869259,7.097869259,7.097869259,7.097869259,15.47376187,27.74328406,AFFINITY
23.77759416,4.259087171,23.34898452,4.259087171,4.259087171,4.259087171,4.259087171,4.259087171,23.05981112,4.259087171,AFFINITY
5.084755112,5.084755112,34.49527247,5.084755112,5.084755112,5.084755112,5.084755112,5.084755112,24.82668664,5.084755112,AFFINITY
39.37171006,4.480161723,4.480161723,4.480161723,4.480161723,4.480161723,4.480161723,4.480161723,24.78699616,4.480161723,AFFINITY
6.805869969,6.805869969,6.805869969,6.805869969,6.805869969,6.805869969,6.805869969,6.805869969,38.74717028,6.805869969,AFFINITY
0.340454981,0.138572702,0.138572702,0.50762845,0.138572702,0.138572702,0.138572702,97.76586799,0.269145615,0.424039459,AFFINITY
5.183475762,5.183475762,5.183475762,34.2915582,5.183475762,5.183475762,5.183475762,5.183475762,9.465217717,19.95889375,AFFINITY
15.46266894,5.824457577,5.824457577,5.824457577,5.824457577,5.824457577,5.824457577,5.824457577,11.15110015,32.61502787,AFFINITY
4.699307651,4.699307651,4.699307651,4.699307651,4.699307651,4.699307651,4.699307651,4.699307651,7.872237917,54.53330088,AFFINITY
26.45455476,6.566333582,6.566333582,6.566333582,6.566333582,6.566333582,6.566333582,6.566333582,21.01477658,6.566333582,AFFINITY
8.537776305,8.537776305,8.537776305,8.537776305,8.537776305,8.537776305,8.537776305,8.537776305,23.16001325,8.537776305,AFFINITY
32.62295874,6.152398793,6.152398793,6.152398793,6.152398793,6.152398793,6.152398793,6.152398793,18.15785091,6.152398793,AFFINITY
8.954758653,8.954758653,8.954758653,8.954758653,8.954758653,8.954758653,8.954758653,8.954758653,19.40717212,8.954758653,AFFINITY
15.60773008,5.675352149,5.675352149,20.44834802,5.675352149,5.675352149,5.675352149,5.675352149,12.67466653,17.21714247,AFFINITY
5.079596309,5.079596309,5.079596309,36.32753764,5.079596309,5.079596309,5.079596309,5.079596309,10.09776334,18.01752486,AFFINITY
16.90280307,5.338969188,5.338969188,5.338969188,5.338969188,5.338969188,5.338969188,5.338969188,11.00240422,34.72200838,AFFINITY
2.574347772,2.574347772,2.574347772,2.574347772,2.574347772,2.574347772,2.574347772,2.574347772,4.333474247,75.07174358,AFFINITY
30.81706853,5.586174034,5.586174034,5.586174034,5.586174034,5.586174034,5.586174034,5.586174034,24.4935392,5.586174034,AFFINITY
7.73797862,7.73797862,7.73797862,7.73797862,7.73797862,7.73797862,7.73797862,7.73797862,30.35819242,7.73797862,AFFINITY
83.28914868,1.26454686,1.26454686,1.26454686,1.26454686,1.26454686,1.26454686,1.26454686,6.594476434,1.26454686,AFFINITY
7.526659788,7.526659788,7.526659788,7.526659788,7.526659788,7.526659788,7.526659788,7.526659788,32.26006191,7.526659788,AFFINITY